Designator,Mid X,Mid Y,Layer,Rotation
BT1,77.000000,-82.400000,T,0.000000
C3,73.000000,-55.250000,T,180.000000
C21,63.200000,-101.375000,T,-90.000000
C22,65.295000,-101.270000,T,-90.000000
C23,67.400000,-94.875000,T,90.000000
C24,68.600000,-95.450000,T,90.000000
C25,69.600000,-95.450000,T,90.000000
C26,71.395000,-102.505000,T,0.000000
C27,101.380000,-60.600000,T,90.000000
C28,71.395000,-103.430000,T,0.000000
D1,61.600000,-85.600000,T,180.000000
D2,64.250000,-94.750000,T,0.000000
D3,82.400000,-62.410000,T,90.000000
D4,82.400000,-64.370000,T,-90.000000
D5,82.390000,-66.870000,T,-90.000000
D6,88.200000,-68.190000,T,-90.000000
D7,88.200000,-63.110000,T,-90.000000
D8,69.500000,-110.775000,T,-90.000000
D9,72.305000,-110.765000,T,-90.000000
D10,73.350000,-107.025000,T,90.000000
L10,64.900000,-99.000000,T,-90.000000
Q1,62.100000,-93.400000,T,90.000000
R22,71.025000,-52.750000,T,-90.000000
R23,71.025000,-48.825000,T,90.000000
R30,70.425000,-111.050000,T,90.000000
R31,71.380000,-111.045000,T,90.000000
R32,81.320000,-63.460000,T,90.000000
R33,81.310000,-66.010000,T,90.000000
R34,88.100000,-66.450000,T,90.000000
R35,88.200000,-61.380000,T,90.000000
R36,69.050000,-102.975000,T,-90.000000
R37,70.000000,-102.975000,T,-90.000000
U2,68.500000,-99.000000,T,0.000000
U3,71.000000,-107.010000,T,90.000000
U4,99.700000,-60.600000,T,0.000000
X1,75.900000,-55.500000,T,0.000000
