"Comment","Designator","Footprint","JLCPCB Part #"
"CR2032-BS-6","BT1","footprints:BatteryHolder_LianXin_CR2032-BS-6","C22363833"
"10uF/25V X5R","C3,C21,C23","Capacitor_SMD:C_0603_1608Metric","C96446"
"1nF 50V X7R","C22,C24","Capacitor_SMD:C_0402_1005Metric","C1523"
"2.2uF/6.3V X5R","C25,C26","Capacitor_SMD:C_0402_1005Metric","C12530"
"100nF 16V X7R","C27,C28","Capacitor_SMD:C_0402_1005Metric","C1525"
"TPD1E01B04DPYR","D1,D2,D3,D4,D5,D6,D7,D8,D9,D10","Package_SON:Texas_DPY0002A_0.6x1mm_P0.65mm","C779389"
"2.2uH 20% DFE201210U-2R2M=P2","L10","footprints:IND_Murata_DFE201210U","C2049745"
"DMG2305UX-13","Q1","Package_TO_SOT_SMD:SOT-23","C144153"
"4.7k 1%","R22,R23,R30,R31,R36,R37","Resistor_SMD:R_0402_1005Metric","C25900"
"100 1%","R32,R33,R34,R35","Resistor_SMD:R_0402_1005Metric","C25076"
"nPM2100-QEAA","U2","Package_DFN_QFN:QFN-16-1EP_4x4mm_P0.65mm_EP2.7x2.7mm_ThermalVias","C46968654"
"FDC1004","U3","Package_SO:MSOP-10_3x3mm_P0.5mm","C2865994"
"SHT40-AD1B","U4","Sensor_Humidity:Sensirion_DFN-4_1.5x1.5mm_P0.8mm_SHT4x_NoCentralPad","C2909890"
"CM8V-T1A 32.768kHz CL=7pF 20ppm","X1","footprints:XTAL_CM8V-T1A_2012","C5136974"
