grid_mm,boundary_mm,soil_epsilon,coating_mm,sense_pF_2d,shield_pF_2d
0.2,30,1,0.2,0.4649063333740546,0.5153992556206362
0.2,30,5,0.2,2.203538197792984,2.4395208468954532
0.2,30,20,0.2,7.649854181007021,8.353484776145542
0.2,30,40,0.2,13.328465783600105,14.18375354395301
0.2,30,1,0.6,0.45686600494235463,0.5546121493559381
0.2,30,5,0.6,2.21454720490273,2.306430785662747
0.2,30,20,0.6,7.266398116956112,6.172848232857754
0.2,30,40,0.6,11.461218044984365,8.834760650719533
0.2,30,1,1.0,0.4561388407137877,0.5849361634930503
0.2,30,5,1.0,2.1957796828074425,2.2241432015785385
0.2,30,20,1.0,6.614970127430513,5.231211526919794
0.2,30,40,1.0,9.689900409659083,6.97572761001943
0.1,30,1,0.2,0.4611272864603208,0.5197745605361838
0.1,30,5,0.2,2.208011802384754,2.433598839873631
0.1,30,20,0.2,7.997424291015714,7.943256885837466
0.1,30,40,0.2,14.599994872684208,12.869237474063068
0.1,30,1,0.6,0.4537332516927386,0.5581170968114695
0.1,30,5,0.6,2.2149485362616828,2.3073786591594114
0.1,30,20,0.6,7.431344600981241,6.075979730826668
0.1,30,40,0.6,11.963699101303645,8.629164933184356
0.1,30,1,1.0,0.4530876189522169,0.5882731957609221
0.1,30,5,1.0,2.1945672159286436,2.2274153327001027
0.1,30,20,1.0,6.713119554438643,5.1963213481920185
0.1,30,40,1.0,9.95339498687846,6.9122706807992005
0.2,50,1,0.2,0.3549272593165313,0.39837028986720585
0.2,50,5,0.2,1.7210824327777519,1.8913317404229901
0.2,50,20,0.2,6.461914638001801,6.413353537225799
0.2,50,40,0.2,12.284956530937647,10.752932395582159
0.2,50,1,0.6,0.34680398521630595,0.4246371577214785
0.2,50,5,0.6,1.736934246137193,1.8024753560712676
0.2,50,20,0.6,6.205835984313051,5.021054457245089
0.2,50,40,0.6,10.50461032321692,7.434923231783474
0.2,50,1,1.0,0.3439783837153275,0.44445177273141695
0.2,50,5,1.0,1.7291437517402166,1.74853471019031
0.2,50,20,1.0,5.711614833187524,4.385299954769546
0.2,50,40,1.0,8.91366729397209,6.110985197239205
