100000000,1.115459159256593,6.316595967925299,10.05317471809647
105000000,1.241989614436128,6.653377998623907,10.08493330228435
110000000,1.450572967817448,7.00647874488403,10.13741569015084
115000000,1.753972816092112,7.309557407026571,10.11610602732397
120000000,2.12220383919663,7.500204142393508,9.947454695501971
125000000,2.492707592105551,7.541566022764332,9.602220089414631
130000000,2.789158579612948,7.435120352911481,9.102585820377074
135000000,2.943306864113732,7.222076197783354,8.514289824174382
140000000,2.913998596354344,6.973852317829135,7.928021919824132
145000000,2.698649678436506,6.774721049288176,7.436071331468448
150000000,2.334626487905296,6.701424801796843,7.110432553097284
155000000,1.890628138573824,6.805018651203487,6.987434555945661
160000000,1.450609536572981,7.099346988352858,7.061851037005735
165000000,1.09446622190569,7.558711012628339,7.290946794320885
170000000,0.8802727955115166,8.124930907138724,7.606605389124972
175000000,0.8322623240611938,8.72173769274395,7.932043806577726
180000000,0.9371662054003894,9.272772315085934,8.198930833953357
185000000,1.149422595128279,9.71877791600218,8.361035384562681
190000000,1.403628463891955,10.02995911106126,8.401671429131534
195000000,1.630957983740829,10.21080912633372,8.33384997653256
200000000,1.7754685769731,10.29661895139501,8.19378901624102
205000000,1.806422651866532,10.34290406614642,8.029874673426667
210000000,1.723879653938388,10.41062581333841,7.890012185109009
215000000,1.556553100277331,10.55096580929531,7.810410990432225
220000000,1.35283652026016,10.79335020999417,7.80825017473872
225000000,1.167512498483269,11.1394695204841,7.879562833806889
230000000,1.047594179102671,11.56446575373186,8.002356038797245
235000000,1.02081202819573,12.02466727898063,8.143766963766545
240000000,1.089471313349045,12.46968151824116,8.269214385040543
245000000,1.230989628517139,12.85567361761885,8.351200012326975
250000000,1.404739910931359,13.15647841439357,8.375674293330235
255000000,1.563283535973529,13.36983065282771,8.344606418427734
260000000,1.665044954155029,13.51727901390004,8.274391431594355
265000000,1.685190171554413,13.63795033052995,8.190744183945618
270000000,1.621981333209704,13.77785858614474,8.121534441503881
275000000,1.497051703660345,13.97753933740384,8.089434464760862
280000000,1.349584262559937,14.26117590479955,8.106202284113865
285000000,1.225902286253549,14.62998418720054,8.16994491490958
290000000,1.167119490783333,15.06154574955151,8.265929160847751
295000000,1.1979778982714,15.51529445293601,8.3706298498679
300000000,1.319714714213847,15.9428346568176,8.457936475097672
305000000,1.508822106883333,16.3005669131628,8.505953440754288
310000000,1.722135053265049,16.56150454496316,8.502726817321864
315000000,1.907143617881854,16.7233187308223,8.449520129878255
320000000,2.015139991054069,16.81051286077383,8.360863180318853
325000000,2.014079405980319,16.86999776325198,8.261364719910066
330000000,1.898031600444584,16.96089999998481,8.180033558439122
335000000,1.69083222988694,17.14082286857536,8.143422949839911
340000000,1.442847713225505,17.45166859223357,8.169174475457501
345000000,1.221344046231142,17.90830823421598,8.261437037358737
350000000,1.096435612192109,18.4928055124539,8.409204025554539
355000000,1.125639093878361,19.15569163881289,8.587952148341296
360000000,1.340427272518883,19.82422720954725,8.764232648267487
365000000,1.737783809256303,20.41603094618625,8.902225324390812
370000000,2.278695371826531,20.85525572764817,8.970856860812889
375000000,2.894024818066321,21.08791559226436,8.949989349369407
380000000,3.496622965376898,21.09313497463102,8.83441235925544
385000000,3.997205413935932,20.88795873853877,8.634862037241547
390000000,4.320731769217759,20.52473225164141,8.375929726888145
395000000,4.419942635505378,20.0816325449051,8.091369835130948
400000000,4.283345468008849,19.64836226184502,7.817834944082222
405000000,3.936148578429785,19.30999871008641,7.588349989650307
410000000,3.434153667586446,19.13231209195369,7.426834249295784
415000000,2.852095910301804,19.15146785274018,7.344700665612351
420000000,2.269040948814073,19.37000770846917,7.340077320311869
425000000,1.753968577552468,19.75960143969925,7.399619394479686
430000000,1.354492273514281,20.26959950569239,7.502341757730194
435000000,1.090843559265591,20.83922414124396,7.624518465009045
440000000,0.9559968197214981,21.41057203680566,7.744541759278935
445000000,0.9214220906824483,21.93959373592513,7.846729870787566
450000000,0.9467482956104458,22.40283777597606,7.923383047405407
455000000,0.9908607996551397,22.79883355442986,7.974828696520611
460000000,1.021796612176856,23.14427035628864,8.007663111866432
465000000,1.023248698896239,23.46631131716878,8.031783746797197
470000000,0.9964201729898133,23.79319482749462,8.057030997328265
475000000,0.9571468405602567,24.14554890849436,8.090280973587358
480000000,0.9293495869030233,24.53053249564284,8.133657298662346
485000000,0.9367185498950266,24.94011437909237,8.184211308680014
490000000,0.9948783348780715,25.35371236224345,8.235038057512531
495000000,1.106068539462143,25.7443121374621,8.277443501369232
500000000,1.257664174965458,26.08633566504732,8.303538536493372
505000000,1.424842452415535,26.36313380191345,8.308560514787242
510000000,1.576633545233818,26.57212387876307,8.292323262265354
515000000,1.683738245569554,26.72623211618852,8.259440682549068
520000000,1.726062223174357,26.85126563369506,8.218291642069428
525000000,1.698005383301071,26.97988504012732,8.179013463213984
530000000,1.610126915917578,27.14371565312901,8.15105003787988
535000000,1.48673296101748,27.3656095435725,8.140882298284689
540000000,1.359972017271418,27.65403595187711,8.150512070707832
545000000,1.261914100313719,28.00104373763429,8.177072518489647
550000000,1.216610131226058,28.38433928681089,8.213650734351702
555000000,1.234146017267419,28.7729811511546,8.251103022876016
560000000,1.308213816568,29.13527003335945,8.280396864511298
565000000,1.417840531323819,29.44684318958704,8.294886109866711
570000000,1.532862879255195,29.69691283936282,8.2919481981645
575000000,1.621778283388704,29.89104108842592,8.273577292845099
580000000,1.659981589358504,30.04971010089916,8.245792932821653
585000000,1.636274528627446,30.20301157621995,8.217023228405374
590000000,1.555948185214155,30.38277732975312,8.195879994729806
595000000,1.439591298011702,30.61414974790272,8.188896236864235
600000000,1.317861158615384,30.90877032833545,8.198805971077821
605000000,1.223499297495074,31.26139106211926,8.223809777628226
610000000,1.182614950173626,31.65086929002815,8.258020165022046
615000000,1.207499256674364,32.04539470838922,8.292980440928472
620000000,1.29289709501433,32.41069374774383,8.319874385469381
625000000,1.416820136257244,32.71914435204068,8.331861691783269
630000000,1.545834478683737,32.95743104024805,8.325933431215466
635000000,1.643584762045938,33.1306710617522,8.303795381778702
640000000,1.680425108722603,33.26179098643176,8.27152883059385
645000000,1.64165566852628,33.38613025401584,8.238089396335655
650000000,1.532127483978471,33.54249844875998,8.213006818111356
655000000,1.375834979914428,33.76289604323069,8.203865341035051
660000000,1.21036852079794,34.06355946518117,8.21421798210349
665000000,1.077443616712204,34.43977077294335,8.242495875888299
670000000,1.01181609020903,34.86600538765006,8.282234482556959
675000000,1.031439283309067,35.30166989416731,8.323607797118628
680000000,1.131550223297712,35.70122361224709,8.355920900467964
685000000,1.284490927056825,36.02625248828921,8.370446955602807
690000000,1.44566620842754,36.25640304808682,8.362877918601562
695000000,1.564444140854138,36.39619304324128,8.334725226703169
700000000,1.597422946553726,36.47561311693844,8.293248756954755
705000000,1.5206919077327,36.54393658929541,8.24985552939453
710000000,1.337749404729048,36.65791033711567,8.217306526156964
715000000,1.080654705469169,36.86706842315696,8.206400247346235
720000000,0.8036042328672681,37.19987045073164,8.222976756405659
725000000,0.5700674495570515,37.65442563768956,8.266052371757912
730000000,0.436410757210154,38.19663996786759,8.327649397791207
735000000,0.4361021779547616,38.76688316334376,8.394477664914467
740000000,0.5687729103455897,39.29410314790941,8.451149662638633
745000000,0.7974867614903666,39.71424761952592,8.484186335333003
750000000,1.055682739178283,39.98843204688207,8.485808835674186
755000000,1.262817696112394,40.11594666543974,8.456491667040492
760000000,1.345330731409734,40.13810758396487,8.405497668871449
765000000,1.257808296060252,40.13100618970833,8.349082361233373
770000000,0.9986639480373712,40.18796980884929,8.306641620657425
775000000,0.6155191129250738,40.39536613617898,8.295641546554632
780000000,0.1976958741024954,40.80753868711625,8.32656602239526
785000000,-0.1436301510545296,41.42752528139036,8.399229845347438
790000000,-0.3037360628515798,42.19942911136161,8.501579416112948
795000000,-0.2145474094180497,43.01590895040312,8.611565460437181
800000000,0.1311277105570957,43.74067385739808,8.701930573219183
805000000,0.6685637404971608,44.24189826136536,8.746977391385128
810000000,1.267951661214948,44.42909149699912,8.729764850406797
815000000,1.759680264843521,44.28409804084048,8.64789337860844
820000000,1.973895039409784,43.87722695473771,8.516192145135923
825000000,1.785892774993231,43.362190583693,8.365220575378885
830000000,1.156256380612908,42.94817802934212,8.235439554410283
835000000,0.1544676527253158,42.85306482224971,8.167996518680784
840000000,-1.042595205761826,43.24716878333677,8.194048436425662
845000000,-2.180674936497413,44.20072119703875,8.325163629272701
850000000,-2.983315304251813,45.6491921864197,8.547405393671317
855000000,-3.22200232571293,47.38819186955186,8.821128631843678
860000000,-2.785780427472558,49.10401222011491,9.087379384274561
865000000,-1.732631642911085,50.43792422318858,9.280283190075037
870000000,-0.3066905337096175,51.07371854316882,9.343258354286798
875000000,1.088724851787007,50.83066625262161,9.245659194010422
880000000,1.963117277738847,49.74001535165063,8.99587421895677
885000000,1.846029287116013,48.08373652284996,8.647191355864265
890000000,0.4098220358355124,46.37995830271344,8.293932162104312
895000000,-2.418208766756959,45.30969234786093,8.057275426966584
900000000,-6.381964651697126,45.5922180155566,8.062474292999108
