100000000,1.455577195380603,5.638249003761223,8.973551993315532
105000000,1.702953110736385,6.182758680497531,9.371586723290537
110000000,2.055772549230675,6.51934859151949,9.432605037086477
115000000,2.410292817539839,6.663621358040108,9.22215893934619
120000000,2.693145914192487,6.66557915001455,8.84049891912575
125000000,2.867725016407766,6.590532640636066,8.391326778925693
130000000,2.931764656101172,6.501420371069954,7.959486070570212
135000000,2.908385977466186,6.445833290573725,7.59915726326745
140000000,2.833836850505331,6.449488006655421,7.33191354765075
145000000,2.745279753774748,6.516203444736441,7.152317161532693
150000000,2.671353538851812,6.633001955411189,7.037833658279322
155000000,2.627105926300817,6.778060656694564,6.959753923158956
160000000,2.613589345940161,6.92900292457318,6.892406663400131
165000000,2.621253530419546,7.069398810330099,6.818968274860604
170000000,2.635496997472418,7.192161256782416,6.733341267829059
175000000,2.642480406227977,7.299531803927161,6.638608964865758
180000000,2.633550834170419,7.400282200669835,6.543286069508743
185000000,2.607253898555566,7.50540066345453,6.456873597156645
190000000,2.568718461373866,7.623759057977591,6.386099679046027
195000000,2.526960281267022,7.759060231796425,6.332783536605889
200000000,2.491174115364087,7.908841598819344,6.293656172914537
205000000,2.467256441614275,8.065634685490517,6.261881118874441
210000000,2.455613487587783,8.21974635041221,6.229586964903189
215000000,2.450847033400707,8.362701151198596,6.190535934016466
220000000,2.443322525596939,8.490261164368507,6.14212287477454
225000000,2.42207872263136,8.604127259432548,6.086175041468501
230000000,2.378178811293937,8.711850768081582,6.02840918790917
235000000,2.30751435659998,8.82501669162848,5.976787358898542
240000000,2.212264277394847,8.956249081285193,5.939297136869937
245000000,2.100615892553661,9.115905078327319,5.921801444784915
250000000,1.984854441386612,9.309387368718522,5.926540067555222
255000000,1.878380955367169,9.535807506885355,5.95165059252395
260000000,1.792502862833942,9.788337638757126,5.991778153310183
265000000,1.733884210041817,10.05611026480445,6.039545875172741
270000000,1.70333803620914,10.32709838858024,6.087439838292195
275000000,1.696254441083819,10.59114741792841,6.129576234830075
280000000,1.70449434888902,10.84230317145581,6.162879086564733
285000000,1.719168225650332,11.07979077587705,6.187380597911647
290000000,1.733471982577361,11.30738752669881,6.205609028723296
295000000,1.744735414271489,11.5313930086486,6.221282027327957
300000000,1.755057249454427,11.75780736583548,6.237710540650044
305000000,1.770298468204736,11.98957231606975,6.256392457902441
310000000,1.797677142694031,12.22474018274576,6.276218800316474
315000000,1.842627428379808,12.45620544395753,6.293544979600056
320000000,1.905837497986215,12.67321659505301,6.303140831177891
325000000,1.981392872526225,12.86438946407815,6.299788224822573
330000000,2.056710921484995,13.02149598121103,6.280107429881776
335000000,2.114512711022257,13.14302455118281,6.244111416414578
340000000,2.136545669748028,13.23647909099981,6.196032577838642
345000000,2.108277026910317,13.31862237183798,6.144129233774834
350000000,2.023450421840505,13.41332836213316,6.099421463280598
355000000,1.887326960531032,13.54728461027761,6.073569890699836
360000000,1.717648791155786,13.74434328682877,6.076333815696407
365000000,1.542830845754062,14.0197208519981,6.113172258531551
370000000,1.397505094021222,14.37538554050425,6.183550453035161
375000000,1.31617075137825,14.79780171295521,6.280382105361435
380000000,1.326194212679362,15.25874595000175,6.390802219279518
385000000,1.441632598903049,15.71926587149846,6.498178870713533
390000000,1.659261260905919,16.1361612196346,6.584999540083571
395000000,1.957779139879922,16.46978439620913,6.636069869150507
400000000,2.300529451713073,16.69161864213614,6.641384037751993
405000000,2.641342621732397,16.79007734893238,6.598083469081121
410000000,2.932441800153737,16.77328738716914,6.511101462363198
415000000,3.132894125211186,16.66820971948633,6.392356552647287
420000000,3.215944859993781,16.51618963655925,6.258650527860809
425000000,3.173772648303164,16.36576095782334,6.128686479759851
430000000,3.018714282347573,16.26409702340936,6.019794037678562
435000000,2.780721022709706,16.24878281086759,5.94499793925563
440000000,2.501574312973657,16.34151437085643,5.910983613020557
445000000,2.227042271381084,16.54492741978533,5.917319060574097
450000000,1.998559132172072,16.84310411949273,5.95702950584163
455000000,1.846073585364293,17.20554847876424,6.018347448357293
460000000,1.783429861070649,17.59372120426854,6.08723412400007
465000000,1.807085007888752,17.96873324173681,6.150134874241012
470000000,1.898254183364826,18.29861368208178,6.196414509004899
475000000,2.027869375529697,18.5637223143811,6.220017196882258
480000000,2.163186336925561,18.75932593668199,6.22008219144779
485000000,2.274591784223189,18.89499463158484,6.200477928477429
490000000,2.341198969862219,18.99115645839415,6.168441684459188
495000000,2.354154988418935,19.07372800013242,6.132683019012863
500000000,2.317133600074564,19.16809250582023,6.101393343888007
505000000,2.244124253445569,19.29375855453237,6.080588207475978
510000000,2.1552075666051,19.4607989067752,6.073102632412993
515000000,2.071403596275192,19.66870609076114,6.078391841876319
520000000,2.009811553119905,19.90772241141865,6.0931008220742
525000000,1.980110979380905,20.1621434072012,6.112199593492837
530000000,1.983112369379679,20.41468096081541,6.130372427467501
535000000,2.011528668090329,20.65079204924276,6.1433189409342
540000000,2.052613304322439,20.8619609784612,6.148674467245063
545000000,2.091897134463961,21.04723474576145,6.146369629731056
550000000,2.117046232503491,21.21276908687421,6.138394648805421
555000000,2.120894223949684,21.36963264491408,6.128076878371187
560000000,2.10295793249204,21.53052162098479,6.1190873987976
565000000,2.069152708128772,21.70626496549898,6.114441354551491
570000000,2.029879616683438,21.90300405056849,6.11573923370137
575000000,1.997048765633616,22.12071962568006,6.122820649003272
580000000,1.980839079436599,22.35341305419187,6.133889969912994
585000000,1.987023831836137,22.59082396394677,6.146053508343544
590000000,2.015514586511282,22.82118890365349,6.156110205509091
595000000,2.060445500336225,23.03430618941428,6.161384354180711
600000000,2.111722658598443,23.22412445533077,6.160390343412105
605000000,2.157599927447688,23.39022105369014,6.153172397862656
610000000,2.187602562692938,23.53783738053237,6.141251096401502
615000000,2.195058001629711,23.67651111883174,6.127209397938688
620000000,2.178619201679064,23.81769451459308,6.114038411371307
625000000,2.142441507441642,23.97198615799739,6.104416148441244
630000000,2.095024536243648,24.14667487753737,6.100099469830094
635000000,2.047064297582428,24.34418601679701,6.101570929325736
640000000,2.008893048403836,24.56176663934417,6.10801026831443
645000000,1.988159294396828,24.79241761418011,6.117574906194323
650000000,1.98830445178194,25.02676479866724,6.127897426624823
655000000,2.008157472289273,25.25534029933014,6.136659920773036
660000000,2.042661243016179,25.47067243483575,6.142096093755441
665000000,2.084448975334941,25.6686730484386,6.143302553787538
670000000,2.125783856760242,25.84903309445865,6.140300583774755
675000000,2.160313442835606,26.01462689649785,6.133861427065193
680000000,2.184183967615108,26.17020001803959,6.125171609668544
685000000,2.196278003838288,26.32079859915729,6.115452851360756
690000000,2.197616033625139,26.4704392700112,6.105653993675514
695000000,2.190216414674029,26.62140918017823,6.096300522442195
700000000,2.175863709077754,26.77435991229402,6.087531040232969
705000000,2.155245747142803,26.92908606498675,6.079286752042154
710000000,2.127781109878482,27.08564297356365,6.071568966288616
715000000,2.092211654414143,27.24533300126082,6.064656536133432
720000000,2.047754130320004,27.41111928118574,6.059187679558711
725000000,1.995379136421106,27.58720758271862,6.056055797092257
730000000,1.938690976041824,27.77782202212246,6.056133812531091
735000000,1.883959352819901,27.9855042829079,6.059906587134967
740000000,1.839094101453764,28.20949188696864,6.067135237732131
745000000,1.811696480105284,28.44479740317127,6.076684714043243
750000000,1.806666267168623,28.68247741664628,6.086610747974549
755000000,1.824082649571634,28.9112654667763,6.094530874277432
760000000,1.858118903860874,29.12032302568687,6.098214939435268
765000000,1.897556146236733,29.30245426483327,6.096248942447589
770000000,1.928056848126103,29.45686188466194,6.088578151843106
775000000,1.935837459277286,29.5904949805685,6.076740057668895
780000000,1.911881127161344,29.71729995635171,6.063660491535821
785000000,1.855508345074196,29.85519844299764,6.05299669960832
790000000,1.776098712064271,30.02127056371593,6.048143807740002
795000000,1.692086720093404,30.22624873811178,6.051140751944218
800000000,1.627001403235672,30.46983906042621,6.061781877101679
805000000,1.60314957708325,30.73842821882456,6.077233284349481
810000000,1.634346730044306,31.00632902047561,6.092358679928862
815000000,1.71964330508639,31.24090723541445,6.100791181830145
820000000,1.840078509935408,31.41087872013589,6.096581238011773
825000000,1.960018453844873,31.49602439801415,6.076058146287139
830000000,2.033639715563352,31.49583283737975,6.039418654054244
835000000,2.015790279232719,31.4343977199702,5.991544647005822
840000000,1.875100615127254,31.35941111720498,5.941672966373939
845000000,1.606185086701088,31.33428230769363,5.901782150895104
850000000,1.23739458507729,31.4240772811694,5.883879095764513
855000000,0.8310666950905748,31.67776374924639,5.896693200923759
860000000,0.4745951351198298,32.11071794624338,5.942534287644496
865000000,0.262707228101237,32.69216628445325,6.015167473471603
870000000,0.27368584275249,33.34187957581167,6.099453961454178
875000000,0.5443469560944424,33.9389157027509,6.173195654025089
880000000,1.049811623746604,34.34271003823705,6.2111500701785
885000000,1.694046167882922,34.42381328121684,6.190644117263387
890000000,2.31560446081801,34.09874042949811,6.09773381186751
895000000,2.7101501605067,33.36143681938412,5.932555953578705
900000000,2.667660459909182,32.30337842300089,5.712491505098519
