layer,nominal_width_mm,width_scale,copper_scale,current_A,model_rise_C,drop_mV_per_10mm_at_60C
B.Cu,0.2,1,1,0.001,2.970913026283478e-06,0.02850018285714285
B.Cu,0.2,1,1,0.005,0.00011520149886743686,0.14250091428571424
B.Cu,0.2,1,1,0.01,0.0005566948590452855,0.2850018285714285
B.Cu,0.2,1,1,0.02,0.002690148731867325,0.570003657142857
B.Cu,0.2,1,1,0.05,0.021586657571743405,1.4250091428571425
B.Cu,0.2,1,1,0.075,0.05424913394559463,2.1375137142857135
B.Cu,0.2,1,1,0.1,0.1043144526095862,2.850018285714285
B.Cu,0.2,1,1,0.15,0.26215122435102345,4.275027428571427
B.Cu,0.2,1,1,0.2,0.5040847563858762,5.70003657142857
B.Cu,0.2,1,1,0.25,0.8370542273712652,7.125045714285712
B.Cu,0.2,1,1,0.5,4.044945505925384,14.250091428571425
B.Cu,0.2,1,1,1.0,19.54662387559865,28.50018285714285
B.Cu,0.2,0.8,0.8,0.001,6.198012971998061e-06,0.0445315357142857
B.Cu,0.2,0.8,0.8,0.005,0.00024033702032240617,0.22265767857142849
B.Cu,0.2,0.8,0.8,0.01,0.0011613944694044644,0.44531535714285697
B.Cu,0.2,0.8,0.8,0.02,0.005612273597108949,0.8906307142857139
B.Cu,0.2,0.8,0.8,0.05,0.0450347696038475,2.226576785714285
B.Cu,0.2,0.8,0.8,0.075,0.1131762636400965,3.3398651785714275
B.Cu,0.2,0.8,0.8,0.1,0.21762411915837773,4.45315357142857
B.Cu,0.2,0.8,0.8,0.15,0.5469081978429418,6.679730357142855
B.Cu,0.2,0.8,0.8,0.2,1.0516376048122074,8.90630714285714
B.Cu,0.2,0.8,0.8,0.25,1.7462890746428346,11.132883928571424
B.Cu,0.2,0.8,0.8,0.5,8.438693591819275,22.265767857142848
B.Cu,0.2,0.8,0.8,1.0,40.77878661136128,44.531535714285695
B.Cu,0.4,1,1,0.001,9.481446617428492e-07,0.014250091428571424
B.Cu,0.4,1,1,0.005,3.6765696339678984e-05,0.07125045714285712
B.Cu,0.4,1,1,0.01,0.00017766499865658165,0.14250091428571424
B.Cu,0.4,1,1,0.02,0.0008585408380685866,0.2850018285714285
B.Cu,0.4,1,1,0.05,0.006889220236488478,0.7125045714285713
B.Cu,0.4,1,1,0.075,0.01731320516610115,1.0687568571428567
B.Cu,0.4,1,1,0.1,0.033291176991516964,1.4250091428571425
B.Cu,0.4,1,1,0.15,0.08366360163990139,2.1375137142857135
B.Cu,0.4,1,1,0.2,0.16087487806100742,2.850018285714285
B.Cu,0.4,1,1,0.25,0.2671395931991252,3.562522857142856
B.Cu,0.4,1,1,0.5,1.290914090905445,7.125045714285712
B.Cu,0.4,1,1,1.0,6.238158747423326,14.250091428571425
B.Cu,0.4,0.8,0.8,0.001,1.9780494618398032e-06,0.02226576785714285
B.Cu,0.4,0.8,0.8,0.005,7.67017616543746e-05,0.11132883928571424
B.Cu,0.4,0.8,0.8,0.01,0.0003706503544875031,0.22265767857142849
B.Cu,0.4,0.8,0.8,0.02,0.0017911151232844766,0.44531535714285697
B.Cu,0.4,0.8,0.8,0.05,0.014372509735205173,1.1132883928571424
B.Cu,0.4,0.8,0.8,0.075,0.03611935767119955,1.6699325892857138
B.Cu,0.4,0.8,0.8,0.1,0.06945310920280612,2.226576785714285
B.Cu,0.4,0.8,0.8,0.15,0.17454165896497992,3.3398651785714275
B.Cu,0.4,0.8,0.8,0.2,0.33562227243591786,4.45315357142857
B.Cu,0.4,0.8,0.8,0.25,0.5573150911299942,5.566441964285712
B.Cu,0.4,0.8,0.8,0.5,2.693145915205795,11.132883928571424
B.Cu,0.4,0.8,0.8,1.0,13.014244609604305,22.265767857142848
B.Cu,0.5,1,1,0.001,6.564374243599193e-07,0.011400073142857141
B.Cu,0.5,1,1,0.005,2.5454321459401308e-05,0.057000365714285704
B.Cu,0.5,1,1,0.01,0.00012300438827832132,0.11400073142857141
B.Cu,0.5,1,1,0.02,0.0005944012123778646,0.22800146285714282
B.Cu,0.5,1,1,0.05,0.004769675103771514,0.5700036571428571
B.Cu,0.5,1,1,0.075,0.011986605277890241,0.8550054857142856
B.Cu,0.5,1,1,0.1,0.023048776584420214,1.1400073142857141
B.Cu,0.5,1,1,0.15,0.05792356524184736,1.7100109714285712
B.Cu,0.5,1,1,0.2,0.11137993479229782,2.2800146285714282
B.Cu,0.5,1,1,0.25,0.18495112990653606,2.8500182857142855
B.Cu,0.5,1,1,0.5,0.8937500310830477,5.700036571428571
B.Cu,0.5,1,1,1.0,4.318919913950307,11.400073142857142
B.Cu,0.5,0.8,0.8,0.001,1.3694805722998505e-06,0.01781261428571428
B.Cu,0.5,0.8,0.8,0.005,5.310361266150517e-05,0.0890630714285714
B.Cu,0.5,0.8,0.8,0.01,0.00025661565566442707,0.1781261428571428
B.Cu,0.5,0.8,0.8,0.02,0.0012400586595084828,0.3562522857142856
B.Cu,0.5,0.8,0.8,0.05,0.009950647462195775,0.8906307142857139
B.Cu,0.5,0.8,0.8,0.075,0.025006836061950498,1.335946071428571
B.Cu,0.5,0.8,0.8,0.1,0.04808508865627448,1.7812614285714279
B.Cu,0.5,0.8,0.8,0.15,0.12084197873757951,2.671892142857142
B.Cu,0.5,0.8,0.8,0.2,0.23236435215558893,3.5625228571428558
B.Cu,0.5,0.8,0.8,0.25,0.3858509125662399,4.45315357142857
B.Cu,0.5,0.8,0.8,0.5,1.864569658340391,8.90630714285714
B.Cu,0.5,0.8,0.8,1.0,9.010267690391334,17.81261428571428
F.Cu,0.1,1,1,0.001,9.309048044964557e-06,0.0570003657142857
F.Cu,0.1,1,1,0.005,0.00036097195654039726,0.2850018285714285
F.Cu,0.1,1,1,0.01,0.0017443456416898994,0.570003657142857
F.Cu,0.1,1,1,0.02,0.00842930222847388,1.140007314285714
F.Cu,0.1,1,1,0.05,0.0676395541329398,2.850018285714285
F.Cu,0.1,1,1,0.075,0.16998403851929902,4.275027428571427
F.Cu,0.1,1,1,0.1,0.3268585254889112,5.70003657142857
F.Cu,0.1,1,1,0.15,0.8214236906096166,8.550054857142854
F.Cu,0.1,1,1,0.2,1.5794973378270227,11.40007314285714
F.Cu,0.1,1,1,0.25,2.622822664245939,14.250091428571425
F.Cu,0.1,1,1,0.5,12.674417500881075,28.50018285714285
F.Cu,0.1,1,1,1.0,61.2473199871577,57.0003657142857
F.Cu,0.1,0.8,0.8,0.001,1.9420831249247807e-05,0.0890630714285714
F.Cu,0.1,0.8,0.8,0.005,0.0007530711432383156,0.44531535714285697
F.Cu,0.1,0.8,0.8,0.01,0.0036391091961271954,0.8906307142857139
F.Cu,0.1,0.8,0.8,0.02,0.017585477627505675,1.7812614285714279
F.Cu,0.1,0.8,0.8,0.05,0.14111178288533444,4.45315357142857
F.Cu,0.1,0.8,0.8,0.075,0.3546260918628135,6.679730357142855
F.Cu,0.1,0.8,0.8,0.1,0.6819026215394588,8.90630714285714
F.Cu,0.1,0.8,0.8,0.15,1.7136801531594676,13.35946071428571
F.Cu,0.1,0.8,0.8,0.2,3.295197436774164,17.81261428571428
F.Cu,0.1,0.8,0.8,0.25,5.471815819725617,22.265767857142848
F.Cu,0.1,0.8,0.8,0.5,26.441771734143146,44.531535714285695
F.Cu,0.1,0.8,0.8,1.0,127.77610129348086,89.06307142857139
F.Cu,0.2,1,1,0.001,2.970913026283478e-06,0.02850018285714285
F.Cu,0.2,1,1,0.005,0.00011520149886743686,0.14250091428571424
F.Cu,0.2,1,1,0.01,0.0005566948590452855,0.2850018285714285
F.Cu,0.2,1,1,0.02,0.002690148731867325,0.570003657142857
F.Cu,0.2,1,1,0.05,0.021586657571743405,1.4250091428571425
F.Cu,0.2,1,1,0.075,0.05424913394559463,2.1375137142857135
F.Cu,0.2,1,1,0.1,0.1043144526095862,2.850018285714285
F.Cu,0.2,1,1,0.15,0.26215122435102345,4.275027428571427
F.Cu,0.2,1,1,0.2,0.5040847563858762,5.70003657142857
F.Cu,0.2,1,1,0.25,0.8370542273712652,7.125045714285712
F.Cu,0.2,1,1,0.5,4.044945505925384,14.250091428571425
F.Cu,0.2,1,1,1.0,19.54662387559865,28.50018285714285
F.Cu,0.2,0.8,0.8,0.001,6.198012971998061e-06,0.0445315357142857
F.Cu,0.2,0.8,0.8,0.005,0.00024033702032240617,0.22265767857142849
F.Cu,0.2,0.8,0.8,0.01,0.0011613944694044644,0.44531535714285697
F.Cu,0.2,0.8,0.8,0.02,0.005612273597108949,0.8906307142857139
F.Cu,0.2,0.8,0.8,0.05,0.0450347696038475,2.226576785714285
F.Cu,0.2,0.8,0.8,0.075,0.1131762636400965,3.3398651785714275
F.Cu,0.2,0.8,0.8,0.1,0.21762411915837773,4.45315357142857
F.Cu,0.2,0.8,0.8,0.15,0.5469081978429418,6.679730357142855
F.Cu,0.2,0.8,0.8,0.2,1.0516376048122074,8.90630714285714
F.Cu,0.2,0.8,0.8,0.25,1.7462890746428346,11.132883928571424
F.Cu,0.2,0.8,0.8,0.5,8.438693591819275,22.265767857142848
F.Cu,0.2,0.8,0.8,1.0,40.77878661136128,44.531535714285695
F.Cu,0.25,1,1,0.001,2.0568786321973593e-06,0.022800146285714282
F.Cu,0.25,1,1,0.005,7.975847805748903e-05,0.11400073142857141
F.Cu,0.25,1,1,0.01,0.0003854215017720649,0.22800146285714282
F.Cu,0.25,1,1,0.02,0.0018624945917493667,0.45600292571428563
F.Cu,0.25,1,1,0.05,0.014945282580495062,1.1400073142857141
F.Cu,0.25,1,1,0.075,0.037558785276018,1.7100109714285712
F.Cu,0.25,1,1,0.1,0.07222095251655099,2.2800146285714282
F.Cu,0.25,1,1,0.15,0.1814974881464421,3.4200219428571423
F.Cu,0.25,1,1,0.2,0.3489974816003203,4.5600292571428565
F.Cu,0.25,1,1,0.25,0.5795251961395327,5.700036571428571
F.Cu,0.25,1,1,0.5,2.800473088890346,11.400073142857142
F.Cu,0.25,1,1,1.0,13.532887912108581,22.800146285714284
F.Cu,0.25,0.8,0.8,0.001,4.291125432282658e-06,0.03562522857142856
F.Cu,0.25,0.8,0.8,0.005,0.00016639466630416627,0.1781261428571428
F.Cu,0.25,0.8,0.8,0.01,0.0008040785598690546,0.3562522857142856
F.Cu,0.25,0.8,0.8,0.02,0.0038855952825989377,0.7125045714285712
F.Cu,0.25,0.8,0.8,0.05,0.031179322479178647,1.7812614285714279
F.Cu,0.25,0.8,0.8,0.075,0.0783563289445947,2.671892142857142
F.Cu,0.25,0.8,0.8,0.1,0.15066964148311213,3.5625228571428558
F.Cu,0.25,0.8,0.8,0.15,0.37864581560099014,5.343784285714284
F.Cu,0.25,0.8,0.8,0.2,0.7280896138718009,7.1250457142857115
F.Cu,0.25,0.8,0.8,0.25,1.2090238426689692,8.90630714285714
F.Cu,0.25,0.8,0.8,0.5,5.84243576944674,17.81261428571428
F.Cu,0.25,0.8,0.8,1.0,28.232739930718335,35.62522857142856
F.Cu,0.3,1,1,0.001,1.5231391036887553e-06,0.019000121904761903
F.Cu,0.3,1,1,0.005,5.9061947009621454e-05,0.09500060952380951
F.Cu,0.3,1,1,0.01,0.000285408458993194,0.19000121904761902
F.Cu,0.3,1,1,0.02,0.0013791957866136691,0.38000243809523804
F.Cu,0.3,1,1,0.05,0.01106713053346855,0.9500060952380951
F.Cu,0.3,1,1,0.075,0.027812654400438827,1.4250091428571428
F.Cu,0.3,1,1,0.1,0.053480334309318076,1.9000121904761902
F.Cu,0.3,1,1,0.15,0.13440069680815622,2.8500182857142855
F.Cu,0.3,1,1,0.2,0.25843610944923273,3.8000243809523804
F.Cu,0.3,1,1,0.25,0.42914417700476276,4.750030476190475
F.Cu,0.3,1,1,0.5,2.073778201468351,9.50006095238095
F.Cu,0.3,1,1,1.0,10.021238220919818,19.0001219047619
F.Cu,0.3,0.8,0.8,0.001,3.1776211014262186e-06,0.029687690476190468
F.Cu,0.3,0.8,0.8,0.005,0.00012321690688301106,0.14843845238095235
F.Cu,0.3,0.8,0.8,0.01,0.0005954281783101255,0.2968769047619047
F.Cu,0.3,0.8,0.8,0.02,0.002877321988469727,0.5937538095238094
F.Cu,0.3,0.8,0.8,0.05,0.023088598690835183,1.4843845238095235
F.Cu,0.3,0.8,0.8,0.075,0.05802364163291073,2.2265767857142853
F.Cu,0.3,0.8,0.8,0.1,0.11157236945795332,2.968769047619047
F.Cu,0.3,0.8,0.8,0.15,0.28039099593050354,4.453153571428571
F.Cu,0.3,0.8,0.8,0.2,0.5391576073173863,5.937538095238094
F.Cu,0.3,0.8,0.8,0.25,0.8952941915167179,7.421922619047617
F.Cu,0.3,0.8,0.8,0.5,4.326381849631843,14.843845238095234
F.Cu,0.3,0.8,0.8,1.0,20.906624980012875,29.68769047619047
F.Cu,0.38,1,1,0.001,1.031763184638154e-06,0.015000096240601501
F.Cu,0.38,1,1,0.005,4.000812689398934e-05,0.07500048120300751
F.Cu,0.38,1,1,0.01,0.00019333358316408886,0.15000096240601501
F.Cu,0.38,1,1,0.02,0.0009342570442777007,0.30000192481203003
F.Cu,0.38,1,1,0.05,0.007496792522996639,0.7500048120300751
F.Cu,0.38,1,1,0.075,0.01884008677076221,1.1250072180451127
F.Cu,0.38,1,1,0.1,0.0362271836556897,1.5000096240601501
F.Cu,0.38,1,1,0.15,0.0910420398376868,2.2500144360902254
F.Cu,0.38,1,1,0.2,0.1750627126997602,3.0000192481203003
F.Cu,0.38,1,1,0.25,0.2906990974514645,3.750024060150375
F.Cu,0.38,1,1,0.5,1.4047620445160562,7.50004812030075
F.Cu,0.38,1,1,1.0,6.788312791519433,15.0000962406015
F.Cu,0.38,0.8,0.8,0.001,2.1524970760982216e-06,0.023437650375939843
F.Cu,0.38,0.8,0.8,0.005,8.346622310397772e-05,0.11718825187969921
F.Cu,0.38,0.8,0.8,0.01,0.0004033386523848884,0.23437650375939842
F.Cu,0.38,0.8,0.8,0.02,0.0019490766738659937,0.46875300751879684
F.Cu,0.38,0.8,0.8,0.05,0.015640046307258546,1.1718825187969921
F.Cu,0.38,0.8,0.8,0.075,0.03930478649684011,1.7578237781954882
F.Cu,0.38,0.8,0.8,0.1,0.07557829941518322,2.3437650375939842
F.Cu,0.38,0.8,0.8,0.15,0.18993479072561198,3.5156475563909764
F.Cu,0.38,0.8,0.8,0.2,0.3652213829980867,4.6875300751879685
F.Cu,0.38,0.8,0.8,0.25,0.6064656760437878,5.859412593984961
F.Cu,0.38,0.8,0.8,0.5,2.9306591264884285,11.718825187969921
F.Cu,0.38,0.8,0.8,1.0,14.161993423432916,23.437650375939842
F.Cu,0.4,1,1,0.001,9.481446617428492e-07,0.014250091428571424
F.Cu,0.4,1,1,0.005,3.6765696339678984e-05,0.07125045714285712
F.Cu,0.4,1,1,0.01,0.00017766499865658165,0.14250091428571424
F.Cu,0.4,1,1,0.02,0.0008585408380685866,0.2850018285714285
F.Cu,0.4,1,1,0.05,0.006889220236488478,0.7125045714285713
F.Cu,0.4,1,1,0.075,0.01731320516610115,1.0687568571428567
F.Cu,0.4,1,1,0.1,0.033291176991516964,1.4250091428571425
F.Cu,0.4,1,1,0.15,0.08366360163990139,2.1375137142857135
F.Cu,0.4,1,1,0.2,0.16087487806100742,2.850018285714285
F.Cu,0.4,1,1,0.25,0.2671395931991252,3.562522857142856
F.Cu,0.4,1,1,0.5,1.290914090905445,7.125045714285712
F.Cu,0.4,1,1,1.0,6.238158747423326,14.250091428571425
F.Cu,0.4,0.8,0.8,0.001,1.9780494618398032e-06,0.02226576785714285
F.Cu,0.4,0.8,0.8,0.005,7.67017616543746e-05,0.11132883928571424
F.Cu,0.4,0.8,0.8,0.01,0.0003706503544875031,0.22265767857142849
F.Cu,0.4,0.8,0.8,0.02,0.0017911151232844766,0.44531535714285697
F.Cu,0.4,0.8,0.8,0.05,0.014372509735205173,1.1132883928571424
F.Cu,0.4,0.8,0.8,0.075,0.03611935767119955,1.6699325892857138
F.Cu,0.4,0.8,0.8,0.1,0.06945310920280612,2.226576785714285
F.Cu,0.4,0.8,0.8,0.15,0.17454165896497992,3.3398651785714275
F.Cu,0.4,0.8,0.8,0.2,0.33562227243591786,4.45315357142857
F.Cu,0.4,0.8,0.8,0.25,0.5573150911299942,5.566441964285712
F.Cu,0.4,0.8,0.8,0.5,2.693145915205795,11.132883928571424
F.Cu,0.4,0.8,0.8,1.0,13.014244609604305,22.265767857142848
F.Cu,0.5,1,1,0.001,6.564374243599193e-07,0.011400073142857141
F.Cu,0.5,1,1,0.005,2.5454321459401308e-05,0.057000365714285704
F.Cu,0.5,1,1,0.01,0.00012300438827832132,0.11400073142857141
F.Cu,0.5,1,1,0.02,0.0005944012123778646,0.22800146285714282
F.Cu,0.5,1,1,0.05,0.004769675103771514,0.5700036571428571
F.Cu,0.5,1,1,0.075,0.011986605277890241,0.8550054857142856
F.Cu,0.5,1,1,0.1,0.023048776584420214,1.1400073142857141
F.Cu,0.5,1,1,0.15,0.05792356524184736,1.7100109714285712
F.Cu,0.5,1,1,0.2,0.11137993479229782,2.2800146285714282
F.Cu,0.5,1,1,0.25,0.18495112990653606,2.8500182857142855
F.Cu,0.5,1,1,0.5,0.8937500310830477,5.700036571428571
F.Cu,0.5,1,1,1.0,4.318919913950307,11.400073142857142
F.Cu,0.5,0.8,0.8,0.001,1.3694805722998505e-06,0.01781261428571428
F.Cu,0.5,0.8,0.8,0.005,5.310361266150517e-05,0.0890630714285714
F.Cu,0.5,0.8,0.8,0.01,0.00025661565566442707,0.1781261428571428
F.Cu,0.5,0.8,0.8,0.02,0.0012400586595084828,0.3562522857142856
F.Cu,0.5,0.8,0.8,0.05,0.009950647462195775,0.8906307142857139
F.Cu,0.5,0.8,0.8,0.075,0.025006836061950498,1.335946071428571
F.Cu,0.5,0.8,0.8,0.1,0.04808508865627448,1.7812614285714279
F.Cu,0.5,0.8,0.8,0.15,0.12084197873757951,2.671892142857142
F.Cu,0.5,0.8,0.8,0.2,0.23236435215558893,3.5625228571428558
F.Cu,0.5,0.8,0.8,0.25,0.3858509125662399,4.45315357142857
F.Cu,0.5,0.8,0.8,0.5,1.864569658340391,8.90630714285714
F.Cu,0.5,0.8,0.8,1.0,9.010267690391334,17.81261428571428
F.Cu,1.0,1,1,0.001,2.0949709202819834e-07,0.005700036571428571
F.Cu,1.0,1,1,0.005,8.123556225477654e-06,0.028500182857142852
F.Cu,1.0,1,1,0.01,3.9255930108102356e-05,0.057000365714285704
F.Cu,1.0,1,1,0.02,0.0001896986991755088,0.11400073142857141
F.Cu,1.0,1,1,0.05,0.0015222061190885974,0.28500182857142853
F.Cu,1.0,1,1,0.075,0.0038254353816838628,0.4275027428571428
F.Cu,1.0,1,1,0.1,0.007355844578715175,0.5700036571428571
F.Cu,1.0,1,1,0.15,0.018485872419454295,0.8550054857142856
F.Cu,1.0,1,1,0.2,0.03554607276090193,1.1400073142857141
F.Cu,1.0,1,1,0.25,0.05902576916684801,1.4250091428571428
F.Cu,1.0,1,1,0.5,0.28523363471329033,2.8500182857142855
F.Cu,1.0,1,1,1.0,1.3783509731449601,5.700036571428571
F.Cu,1.0,0.8,0.8,0.001,4.370594771705541e-07,0.00890630714285714
F.Cu,1.0,0.8,0.8,0.005,1.694762061993189e-05,0.0445315357142857
F.Cu,1.0,0.8,0.8,0.01,8.18969663148435e-05,0.0890630714285714
F.Cu,1.0,0.8,0.8,0.02,0.00039575544213483614,0.1781261428571428
F.Cu,1.0,0.8,0.8,0.05,0.0031756746793656287,0.44531535714285697
F.Cu,1.0,0.8,0.8,0.075,0.007980744609301994,0.6679730357142855
F.Cu,1.0,0.8,0.8,0.1,0.015345996236016377,0.8906307142857139
F.Cu,1.0,0.8,0.8,0.15,0.03856581328394174,1.335946071428571
F.Cu,1.0,0.8,0.8,0.2,0.07415734426640706,1.7812614285714279
F.Cu,1.0,0.8,0.8,0.25,0.12314143152010922,2.226576785714285
F.Cu,1.0,0.8,0.8,0.5,0.5950634543531882,4.45315357142857
F.Cu,1.0,0.8,0.8,1.0,2.8755595118197377,8.90630714285714
In1.Cu,0.25,1,1,0.001,3.928392409970854e-05,0.052500336842105255
In1.Cu,0.25,1,1,0.005,0.001523291627066712,0.2625016842105263
In1.Cu,0.25,1,1,0.01,0.0073610901416358825,0.5250033684210526
In1.Cu,0.25,1,1,0.02,0.035571421197679795,1.050006736842105
In1.Cu,0.25,1,1,0.05,0.28543703908949486,2.625016842105263
In1.Cu,0.25,1,1,0.075,0.7173279195788597,3.937525263157894
In1.Cu,0.25,1,1,0.1,1.3793338958643135,5.250033684210526
In1.Cu,0.25,1,1,0.15,3.466385151279291,7.875050526315788
In1.Cu,0.25,1,1,0.2,6.665434879611762,10.500067368421051
In1.Cu,0.25,1,1,0.25,11.068238768513638,13.125084210526314
In1.Cu,0.25,1,1,0.5,53.48568969755763,26.250168421052628
In1.Cu,0.25,1,1,1.0,258.4619886012443,52.500336842105256
In1.Cu,0.25,0.8,0.8,0.001,8.19553682679058e-05,0.08203177631578946
In1.Cu,0.25,0.8,0.8,0.005,0.0031779393005342874,0.4101588815789473
In1.Cu,0.25,0.8,0.8,0.01,0.015356939695734104,0.8203177631578946
In1.Cu,0.25,0.8,0.8,0.02,0.07421022697908808,1.6406355263157892
In1.Cu,0.25,0.8,0.8,0.05,0.5954878030133893,4.101588815789473
In1.Cu,0.25,0.8,0.8,0.075,1.4965122544458924,6.15238322368421
In1.Cu,0.25,0.8,0.8,0.1,2.8776101163682823,8.203177631578946
In1.Cu,0.25,0.8,0.8,0.15,7.231682632071941,12.30476644736842
In1.Cu,0.25,0.8,0.8,0.2,13.905641626783902,16.40635526315789
In1.Cu,0.25,0.8,0.8,0.25,23.090910725931714,20.507944078947368
In1.Cu,0.25,0.8,0.8,0.5,111.58354203873417,41.015888157894736
In1.Cu,0.25,0.8,0.8,1.0,539.2115972250186,82.03177631578947
