net,layer,width_mm,count,total_length_mm,sum_resistance_20C_ohm,IPC2221_10C_A
+3V3,B.Cu,0.4,2,13.67398807853584,0.016838539605282702,1.2307651039607521
+3V3,B.Cu,0.5,3,26.958775050602785,0.0265582446784224,1.4468880626650513
+3V3,F.Cu,0.4,9,10.619545740304071,0.01307721204020301,1.2307651039607521
+3V3,F.Cu,0.5,6,11.881772362537745,0.011705243173151468,1.4468880626650513
+3V3_FDC_SW,F.Cu,0.38,3,2.303106601717803,0.002985380286737963,1.1858364295434645
+3V3_FDC_SW,F.Cu,0.4,5,8.268595684605621,0.010182184971614348,1.2307651039607521
/CIN1_PROTECTED,F.Cu,0.2,2,1.451066017177985,0.0035737683051640648,0.7446092505049391
/CIN2_PROTECTED,F.Cu,0.2,2,1.6995941546018396,0.0041858576036193865,0.7446092505049391
/NRESET,F.Cu,0.2,4,2.7260865786510133,0.006713961802277637,0.7446092505049391
/P2.07_SWO,F.Cu,0.2,4,24.982471775483305,0.06152825905847601,0.7446092505049391
/PMIC_INT,B.Cu,0.2,4,51.28244478921033,0.1263013354522837,0.7446092505049391
/PMIC_INT,F.Cu,0.2,5,6.154013703397207,0.015156456606652546,0.7446092505049391
/RESET_EXT,F.Cu,0.2,2,3.134999999999998,0.007721057142857136,0.7446092505049391
/SCL,B.Cu,0.2,9,82.10140436913277,0.20220403018912123,0.7446092505049391
/SCL,F.Cu,0.2,8,13.446807716974915,0.03311756643437821,0.7446092505049391
/SDA,B.Cu,0.2,10,77.77664455654104,0.19155276459353818,0.7446092505049391
/SDA,F.Cu,0.2,7,15.0089397513309,0.03696487447327781,0.7446092505049391
/SENSE1,F.Cu,0.25,7,48.99162084352122,0.09652749066769209,0.8753630017933328
/SENSE2,F.Cu,0.25,5,10.745010460205261,0.02117074060959299,0.8753630017933328
/SHLD,F.Cu,0.3,2,1.09319805153394,0.001794927086518583,0.9990669447801742
/SW,F.Cu,0.5,2,1.803185424949223,0.001776395241492834,1.4468880626650513
/SWDCLK,B.Cu,0.2,4,15.440863991822642,0.03802864217414604,0.7446092505049391
/SWDCLK,F.Cu,0.2,7,6.9445187540310975,0.017103357617070873,0.7446092505049391
/SWDCLK_EXT,F.Cu,0.2,2,3.3049999999999926,0.008139742857142838,0.7446092505049391
/SWDIO,B.Cu,0.2,4,13.561574669941303,0.033400221044255426,0.7446092505049391
/SWDIO,F.Cu,0.2,5,6.977783689294798,0.017185284400491756,0.7446092505049391
/SWDIO_EXT,F.Cu,0.2,2,3.2750000000000057,0.008065857142857156,0.7446092505049391
/SWD_RST,B.Cu,0.2,3,44.01856923486101,0.1084114476584291,0.7446092505049391
/SWD_RST,F.Cu,0.2,6,17.02075035256027,0.041919676582591284,0.7446092505049391
/SWO_EXT,F.Cu,0.2,3,3.1864213562373234,0.007847700597361635,0.7446092505049391
/XL1,F.Cu,0.2,3,2.1656854249492423,0.005333773818017847,0.7446092505049391
/XL2,F.Cu,0.2,3,2.4763455967290637,0.006098885441087007,0.7446092505049391
GND,B.Cu,0.4,1,3.8183766184073504,0.004702058064381623,1.2307651039607521
GND,F.Cu,0.2,1,0.8400744014669089,0.0020689832401842153,0.7446092505049391
GND,F.Cu,0.4,6,9.86363199182267,0.012146358252787343,1.2307651039607521
GND,F.Cu,0.5,5,10.846102077999463,0.010684959989983471,1.4468880626650513
VBAT,F.Cu,0.4,2,1.803185424949223,0.0022204940518660422,1.2307651039607521
