drill_mm,assumed_wall_um,barrel_resistance_60C_mohm,current_A,drop_mV,loss_mW
0.2,12.0,3.9939138195170165,0.01,0.03993913819517017,0.0003993913819517017
0.2,12.0,3.9939138195170165,0.05,0.19969569097585085,0.009984784548792544
0.2,12.0,3.9939138195170165,0.1,0.3993913819517017,0.03993913819517018
0.2,12.0,3.9939138195170165,0.15,0.5990870729275525,0.08986306093913286
0.2,12.0,3.9939138195170165,0.25,0.9984784548792541,0.24961961371981353
0.2,12.0,3.9939138195170165,0.5,1.9969569097585083,0.9984784548792541
0.2,12.0,3.9939138195170165,1.0,3.9939138195170165,3.9939138195170165
0.2,18.0,2.5893263906348847,0.01,0.025893263906348846,0.00025893263906348845
0.2,18.0,2.5893263906348847,0.05,0.12946631953174423,0.0064733159765872125
0.2,18.0,2.5893263906348847,0.1,0.25893263906348846,0.02589326390634885
0.2,18.0,2.5893263906348847,0.15,0.38839895859523266,0.0582598437892849
0.2,18.0,2.5893263906348847,0.25,0.6473315976587212,0.1618328994146803
0.2,18.0,2.5893263906348847,0.5,1.2946631953174423,0.6473315976587212
0.2,18.0,2.5893263906348847,1.0,2.5893263906348847,2.5893263906348847
0.2,25.0,1.8063140901068964,0.01,0.018063140901068964,0.00018063140901068963
0.2,25.0,1.8063140901068964,0.05,0.09031570450534483,0.004515785225267242
0.2,25.0,1.8063140901068964,0.1,0.18063140901068966,0.018063140901068968
0.2,25.0,1.8063140901068964,0.15,0.27094711351603445,0.040642067027405165
0.2,25.0,1.8063140901068964,0.25,0.4515785225267241,0.11289463063168102
0.2,25.0,1.8063140901068964,0.5,0.9031570450534482,0.4515785225267241
0.2,25.0,1.8063140901068964,1.0,1.8063140901068964,1.8063140901068964
0.3,12.0,2.713813236338485,0.01,0.027138132363384845,0.00027138132363384846
0.3,12.0,2.713813236338485,0.05,0.13569066181692424,0.006784533090846212
0.3,12.0,2.713813236338485,0.1,0.2713813236338485,0.02713813236338485
0.3,12.0,2.713813236338485,0.15,0.40707198545077267,0.0610607978176159
0.3,12.0,2.713813236338485,0.25,0.6784533090846212,0.1696133272711553
0.3,12.0,2.713813236338485,0.5,1.3569066181692424,0.6784533090846212
0.3,12.0,2.713813236338485,1.0,2.713813236338485,2.713813236338485
0.3,18.0,1.7750728086742305,0.01,0.017750728086742305,0.00017750728086742305
0.3,18.0,1.7750728086742305,0.05,0.08875364043371152,0.004437682021685576
0.3,18.0,1.7750728086742305,0.1,0.17750728086742304,0.017750728086742305
0.3,18.0,1.7750728086742305,0.15,0.26626092130113455,0.039939138195170185
0.3,18.0,1.7750728086742305,0.25,0.4437682021685576,0.1109420505421394
0.3,18.0,1.7750728086742305,0.5,0.8875364043371152,0.4437682021685576
0.3,18.0,1.7750728086742305,1.0,1.7750728086742305,1.7750728086742305
0.3,25.0,1.2505251393047743,0.01,0.012505251393047742,0.00012505251393047742
0.3,25.0,1.2505251393047743,0.05,0.06252625696523871,0.003126312848261936
0.3,25.0,1.2505251393047743,0.1,0.12505251393047742,0.012505251393047744
0.3,25.0,1.2505251393047743,0.15,0.18757877089571615,0.02813681563435742
0.3,25.0,1.2505251393047743,0.25,0.31263128482619357,0.07815782120654839
0.3,25.0,1.2505251393047743,0.5,0.6252625696523871,0.31263128482619357
0.3,25.0,1.2505251393047743,1.0,1.2505251393047743,1.2505251393047743
