net,layer,y_mm,filled_interval_start_x_mm,filled_interval_end_x_mm,width_mm
VBAT,F.Cu,94,62.69938299665957,63.82178520835378,1.122402211694208
VBAT,F.Cu,95,62.69784057928171,64.12858309225784,1.4307425129761313
VBAT,F.Cu,98,62.69321332714811,64.15282334776873,1.459610020620623
VBAT,F.Cu,99.5,62.690899701081314,65.62240854843519,2.931508847353875
/VINT,F.Cu,96,67.425,68.95,1.5250000000000057
/VINT,F.Cu,96.5,67.95,69.07367342736339,1.1236734273633857
/VINT,F.Cu,97,67.95,69.075,1.125
/VBAT_RAW,F.Cu,85,61.67930751712287,63.95,2.2706924828771307
/VBAT_RAW,F.Cu,90,61.70464532078196,63.95,2.245354679218046
/VBAT_RAW,F.Cu,92.5,61.71731422261149,63.95,2.232685777388511
+3V3,F.Cu,56.5,70.33909636275814,74.99992047014288,4.660824107384741
+3V3,F.Cu,60,70.30261042463549,75.00022367514678,4.697613250511296
+3V3,F.Cu,83.64,70.05617397400137,75.00006606483164,4.943892090830275
+3V3,F.Cu,94.97,70.0375,73.78120186344323,3.743701863443235
+3V3,F.Cu,95.93,69.275,72.98525286445876,3.7102528644587522
+3V3,F.Cu,97.0,69.275,72.09810067659478,2.823100676594777
