Ref,Val,Package,PosX,PosY,Rot,Side
"BT1","BU2032SM-BT-GTR","BatteryHolder_MPD_BU2032SM-BT-GTR",77.000000,-82.400000,0.000000,top
"C3","10uF/16V X6S","C_0603_1608Metric",72.700000,-56.500000,0.000000,top
"C13","3.9pF C0G","C_0402_1005Metric",82.800000,-56.500000,90.000000,top
"C21","10uF/6.3V X5R","C_0402_1005Metric",64.450000,-99.900000,-90.000000,top
"C22","1nF X5R","C_0201_0603Metric",65.400000,-99.700000,-90.000000,top
"C23","22uF/6.3V X5R","C_0402_1005Metric",64.900000,-94.800000,90.000000,top
"C24","1nF X5R","C_0201_0603Metric",68.475000,-95.675000,90.000000,top
"C25","2.2uF/6.3V X5R","C_0402_1005Metric",70.000000,-95.400000,90.000000,top
"C26","1uF/10V X7R","C_0402_1005Metric_Pad0.74x0.62mm_HandSolder",71.250000,-103.700000,0.000000,top
"C27","100nF X7R","C_0201_0603Metric",101.380000,-60.600000,90.000000,top
"C28","100nF/10V X7R","C_0201_0603Metric",71.250000,-104.950000,0.000000,top
"D1","TPD1E1B04DPYR","TI_DPY0002A",61.200000,-86.000000,0.000000,top
"D2","TPD1E1B04DPYR","TI_DPY0002A",74.000000,-103.500000,0.000000,top
"D3","TPD1E1B04DPYR","TI_DPY0002A",82.100000,-60.800000,0.000000,top
"D4","TPD1E01B04DPYR","TI_DPY0002A",82.200000,-64.000000,0.000000,top
"D5","TPD1E01B04DPYR","TI_DPY0002A",82.200000,-66.500000,0.000000,top
"D6","TPD1E01B04DPYR","TI_DPY0002A",89.000000,-67.800000,0.000000,top
"D7","TPD1E01B04DPYR","TI_DPY0002A",89.000000,-62.000000,0.000000,top
"D8","TPD1E01B04DPYR","TI_DPY0002A",67.200000,-109.200000,180.000000,top
"D9","TPD1E01B04DPYR","TI_DPY0002A",74.600000,-110.800000,0.000000,top
"D10","TPD1E01B04DPYR","TI_DPY0002A",77.000000,-108.500000,0.000000,top
"L10","2.2uH 20% DFE201210U-2R2M=P2","IND_Murata_DFE201210U",64.900000,-97.600000,90.000000,top
"Q1","DMG2305UX-7","SOT-23",75.500000,-100.500000,0.000000,top
"R1","1k 1%","R_0402_1005Metric",84.500000,-55.500000,0.000000,top
"R22","4.7k to +3V3","R_0402_1005Metric_Pad0.72x0.64mm_HandSolder",69.000000,-60.000000,0.000000,top
"R23","4.7k to +3V3","R_0402_1005Metric_Pad0.72x0.64mm_HandSolder",69.000000,-61.000000,0.000000,top
"R30","5.1k 1%","R_0402_1005Metric",70.500000,-112.700000,90.000000,top
"R31","5.1k 1%","R_0402_1005Metric",72.000000,-112.700000,90.000000,top
"R32","100 1%","R_0402_1005Metric",80.300000,-64.000000,180.000000,top
"R33","100 1%","R_0402_1005Metric",80.300000,-66.500000,180.000000,top
"R34","100 1%","R_0402_1005Metric",91.000000,-67.800000,0.000000,top
"R35","100 1%","R_0402_1005Metric",91.000000,-62.000000,0.000000,top
"U2","nPM2100-QEAA","QFN-16-1EP_4x4mm_P0.65mm_EP2.7x2.7mm_ThermalVias",68.500000,-99.000000,0.000000,top
"U3","FDC1004","MSOP-10_3x3mm_P0.5mm",71.000000,-108.500000,90.000000,top
"U4","SHT45-AD1F","Sensirion_DFN-4_1.5x1.5mm_P0.8mm_SHT4x_NoCentralPad",99.800000,-60.600000,0.000000,top
"X1","CM8V-T1A 32.768kHz CL=7pF 20ppm","XTAL_CM8V-T1A_2012",76.625000,-56.300000,0.000000,top
